title,ethnicity,activity,location,text,tags,caption,object
photo100,,,,{{!!object}},[[photo]] ,photo#,"<img src=""http://people.sunyit.edu/~steve/images/refugeepix/10003319_1628570830755525_844080552_n.jpg"" height=""500px"">"
photo101,,,,{{!!object}},[[photo]] ,photo#,"<img src=""http://people.sunyit.edu/~steve/images/refugeepix/10313016_1507267079552568_772878230732742357_n.jpg"" height=""500px"">"
photo102,,,,{{!!object}},[[photo]] ,photo#,"<img src=""http://people.sunyit.edu/~steve/images/refugeepix/10329767_1517235741891169_5934828616097843242_o.jpg"" height=""500px"">"
photo103,,,,{{!!object}},[[photo]] ,photo#,"<img src=""http://people.sunyit.edu/~steve/images/refugeepix/10384521_1535806793365263_1054727636941551585_n.jpg"" height=""500px"">"
photo104,,,,{{!!object}},[[photo]] ,photo#,"<img src=""http://people.sunyit.edu/~steve/images/refugeepix/10400863_664730186939753_7034298449135834649_n.jpg"" height=""500px"">"
photo105,,,,{{!!object}},[[photo]] ,photo#,"<img src=""http://people.sunyit.edu/~steve/images/refugeepix/10513518_664730380273067_4193254807669244338_n.jpg"" height=""500px"">"
photo106,,,,{{!!object}},[[photo]] ,photo#,"<img src=""http://people.sunyit.edu/~steve/images/refugeepix/11004460_1552656378346971_244992765_n.jpg"" height=""500px"">"
photo107,,,,{{!!object}},[[photo]] ,photo#,"<img src=""http://people.sunyit.edu/~steve/images/refugeepix/11004920_1552656508346958_1113879924_n.jpg"" height=""500px"">"
photo108,,,,{{!!object}},[[photo]] ,photo#,"<img src=""http://people.sunyit.edu/~steve/images/refugeepix/11008939_1553185411627401_313154299_n.jpg"" height=""500px"">"
photo109,,,,{{!!object}},[[photo]] ,photo#,"<img src=""http://people.sunyit.edu/~steve/images/refugeepix/11082502_804630869616350_8201731948580610633_n.jpg"" height=""500px"">"
photo110,,,,{{!!object}},[[photo]] ,photo#,"<img src=""http://people.sunyit.edu/~steve/images/refugeepix/11741875_1625832007696074_401980498_n.jpg"" height=""500px"">"
photo111,,,,{{!!object}},[[photo]] ,photo#,"<img src=""http://people.sunyit.edu/~steve/images/refugeepix/11898527_866746493374429_7103211412539421928_n.jpg"" height=""500px"">"
photo112,,,,{{!!object}},[[photo]] ,photo#,"<img src=""http://people.sunyit.edu/~steve/images/refugeepix/11909_615784128501026_3647864158333308074_n.jpg"" height=""500px"">"
photo113,,,,{{!!object}},[[photo]] ,photo#,"<img src=""http://people.sunyit.edu/~steve/images/refugeepix/11924215_388880514639285_3607615606512836473_n.jpg"" height=""500px"">"
photo114,,,,{{!!object}},[[photo]] ,photo#,"<img src=""http://people.sunyit.edu/~steve/images/refugeepix/11934055_1643513945927880_1874661695_n.jpg"" height=""500px"">"
photo115,,,,{{!!object}},[[photo]] ,photo#,"<img src=""http://people.sunyit.edu/~steve/images/refugeepix/11951000_394907444036592_1088319553_n.jpg"" height=""500px"">"
photo116,,,,{{!!object}},[[photo]] ,photo#,"<img src=""http://people.sunyit.edu/~steve/images/refugeepix/12007154_1647845372161404_636335851_n.jpg"" height=""500px"">"
photo117,,,,{{!!object}},[[photo]] ,photo#,"<img src=""http://people.sunyit.edu/~steve/images/refugeepix/12028862_959189295431_4537977438096597716_o.jpg"" height=""500px"">"
photo118,,,,{{!!object}},[[photo]] ,photo#,"<img src=""http://people.sunyit.edu/~steve/images/refugeepix/12031602_959191665681_6688222036203477348_o.jpg"" height=""500px"">"
photo119,,,,{{!!object}},[[photo]] ,photo#,"<img src=""http://people.sunyit.edu/~steve/images/refugeepix/12038968_1503592803300376_8862499944029308214_o.jpg"" height=""500px"">"
photo120,,,,{{!!object}},[[photo]] ,photo#,"<img src=""http://people.sunyit.edu/~steve/images/refugeepix/12038984_959191875261_2276162997055541092_o.jpg"" height=""500px"">"
photo121,,,,{{!!object}},[[photo]] ,photo#,"<img src=""http://people.sunyit.edu/~steve/images/refugeepix/12041937_1651989958413612_865250341_n.jpg"" height=""500px"">"
photo122,,,,{{!!object}},[[photo]] ,photo#,"<img src=""http://people.sunyit.edu/~steve/images/refugeepix/12065481_808634285915836_7043960712129920365_n.jpg"" height=""500px"">"
photo123,,,,{{!!object}},[[photo]] ,photo#,"<img src=""http://people.sunyit.edu/~steve/images/refugeepix/12068661_1503592789967044_6248924688572896508_o.jpg"" height=""500px"">"
photo124,,,,{{!!object}},[[photo]] ,photo#,"<img src=""http://people.sunyit.edu/~steve/images/refugeepix/12068891_959191680651_8400918529287681227_o.jpg"" height=""500px"">"
photo125,,,,{{!!object}},[[photo]] ,photo#,"<img src=""http://people.sunyit.edu/~steve/images/refugeepix/12068999_959191301411_5767171201150061951_o.jpg"" height=""500px"">"
photo126,,,,{{!!object}},[[photo]] ,photo#,"<img src=""http://people.sunyit.edu/~steve/images/refugeepix/12072799_808634262582505_6148464565457492339_n.jpg"" height=""500px"">"
photo127,,,,{{!!object}},[[photo]] ,photo#,"<img src=""http://people.sunyit.edu/~steve/images/refugeepix/12080162_959189659701_7545995465864011126_o.jpg"" height=""500px"">"
photo128,,,,{{!!object}},[[photo]] ,photo#,"<img src=""http://people.sunyit.edu/~steve/images/refugeepix/12080184_959191905201_1181914193354927407_o.jpg"" height=""500px"">"
photo129,,,,{{!!object}},[[photo]] ,photo#,"<img src=""http://people.sunyit.edu/~steve/images/refugeepix/12080225_959189629761_383960217068167445_o.jpg"" height=""500px"">"
photo130,,,,{{!!object}},[[photo]] ,photo#,"<img src=""http://people.sunyit.edu/~steve/images/refugeepix/12087134_959190587841_3483670137123673159_o.jpg"" height=""500px"">"
photo131,,,,{{!!object}},[[photo]] ,photo#,"<img src=""http://people.sunyit.edu/~steve/images/refugeepix/12087195_959190438141_6313692116413049559_o.jpg"" height=""500px"">"
photo132,,,,{{!!object}},[[photo]] ,photo#,"<img src=""http://people.sunyit.edu/~steve/images/refugeepix/12087322_959191031951_4440738854538642604_o.jpg"" height=""500px"">"
photo133,,,,{{!!object}},[[photo]] ,photo#,"<img src=""http://people.sunyit.edu/~steve/images/refugeepix/12087700_959190607801_5061478551392987122_o.jpg"" height=""500px"">"
photo134,,,,{{!!object}},[[photo]] ,photo#,"<img src=""http://people.sunyit.edu/~steve/images/refugeepix/12087792_959189759501_6004862876018785956_o.jpg"" height=""500px"">"
photo135,,,,{{!!object}},[[photo]] ,photo#,"<img src=""http://people.sunyit.edu/~steve/images/refugeepix/12091285_959189739541_559997815608370617_o.jpg"" height=""500px"">"
photo136,,,,{{!!object}},[[photo]] ,photo#,"<img src=""http://people.sunyit.edu/~steve/images/refugeepix/12091446_959189290441_1430295082412829341_o.jpg"" height=""500px"">"
photo137,,,,{{!!object}},[[photo]] ,photo#,"<img src=""http://people.sunyit.edu/~steve/images/refugeepix/12095213_959191231551_5211100763442743515_o.jpg"" height=""500px"">"
photo138,,,,{{!!object}},[[photo]] ,photo#,"<img src=""http://people.sunyit.edu/~steve/images/refugeepix/12096051_184109375257381_8914918429483839853_n.jpg"" height=""500px"">"
photo139,,,,{{!!object}},[[photo]] ,photo#,"<img src=""http://people.sunyit.edu/~steve/images/refugeepix/12096504_903322909720798_6673705538754204260_n.jpg"" height=""500px"">"
photo140,,,,{{!!object}},[[photo]] ,photo#,"<img src=""http://people.sunyit.edu/~steve/images/refugeepix/12096577_1640821596142823_7519553051350579312_n.jpg"" height=""500px"">"
photo141,,,,{{!!object}},[[photo]] ,photo#,"<img src=""http://people.sunyit.edu/~steve/images/refugeepix/12107088_1650065861941489_3357608449506723449_n.jpg"" height=""500px"">"
photo142,,,,{{!!object}},[[photo]] ,photo#,"<img src=""http://people.sunyit.edu/~steve/images/refugeepix/12107770_808634359249162_5653290749153968122_n.jpg"" height=""500px"">"
photo143,,,,{{!!object}},[[photo]] ,photo#,"<img src=""http://people.sunyit.edu/~steve/images/refugeepix/12108097_808634312582500_1845281541095242512_n.jpg"" height=""500px"">"
photo144,,,,{{!!object}},[[photo]] ,photo#,"<img src=""http://people.sunyit.edu/~steve/images/refugeepix/12108748_889929401083065_8098887817802786448_n.jpg"" height=""500px"">"
photo145,,,,{{!!object}},[[photo]] ,photo#,"<img src=""http://people.sunyit.edu/~steve/images/refugeepix/12109800_959191041931_6032849517980943295_o.jpg"" height=""500px"">"
photo146,,,,{{!!object}},[[photo]] ,photo#,"<img src=""http://people.sunyit.edu/~steve/images/refugeepix/12109807_959192094821_3596832673495148887_o.jpg"" height=""500px"">"
photo147,,,,{{!!object}},[[photo]] ,photo#,"<img src=""http://people.sunyit.edu/~steve/images/refugeepix/12110013_880961081983328_1145885287072764040_o.jpg"" height=""500px"">"
photo148,,,,{{!!object}},[[photo]] ,photo#,"<img src=""http://people.sunyit.edu/~steve/images/refugeepix/12111914_808634335915831_5209157537823310248_n.jpg"" height=""500px"">"
photo149,,,,{{!!object}},[[photo]] ,photo#,"<img src=""http://people.sunyit.edu/~steve/images/refugeepix/12113445_518939548260700_1177560862040810423_o.jpg"" height=""500px"">"
photo150,,,,{{!!object}},[[photo]] ,photo#,"<img src=""http://people.sunyit.edu/~steve/images/refugeepix/12115586_649676068507206_5444169801369483272_n.jpg"" height=""500px"">"
photo151,,,,{{!!object}},[[photo]] ,photo#,"<img src=""http://people.sunyit.edu/~steve/images/refugeepix/12122732_903366956383060_3724390759439476687_n.jpg"" height=""500px"">"
photo152,,,,{{!!object}},[[photo]] ,photo#,"<img src=""http://people.sunyit.edu/~steve/images/refugeepix/12132364_959189669681_6476550637718063659_o.jpg"" height=""500px"">"
photo153,,,,{{!!object}},[[photo]] ,photo#,"<img src=""http://people.sunyit.edu/~steve/images/refugeepix/12132439_604406576364470_5382163553938274877_o.jpg"" height=""500px"">"
photo154,,,,{{!!object}},[[photo]] ,photo#,"<img src=""http://people.sunyit.edu/~steve/images/refugeepix/12132480_959191775461_2990278120927919901_o.jpg"" height=""500px"">"
photo155,,,,{{!!object}},[[photo]] ,photo#,"<img src=""http://people.sunyit.edu/~steve/images/refugeepix/12132552_604406613031133_6918234189881433463_o.jpg"" height=""500px"">"
photo156,,,,{{!!object}},[[photo]] ,photo#,"<img src=""http://people.sunyit.edu/~steve/images/refugeepix/12141588_1064292660277659_2834110322831778477_n.jpg"" height=""500px"">"
photo157,,,,{{!!object}},[[photo]] ,photo#,"<img src=""http://people.sunyit.edu/~steve/images/refugeepix/12143095_808634395915825_653497919881115436_n.jpg"" height=""500px"">"
photo158,,,,{{!!object}},[[photo]] ,photo#,"<img src=""http://people.sunyit.edu/~steve/images/refugeepix/1611013_1451165158547538_2064770143963745305_n.jpg"" height=""500px"">"
photo159,,,,{{!!object}},[[photo]] ,photo#,"<img src=""http://people.sunyit.edu/~steve/images/refugeepix/20184_815605141821898_6570093981947782101_n.jpg"" height=""500px"">"
photo160,,,,{{!!object}},[[photo]] ,photo#,"<img src=""http://people.sunyit.edu/~steve/images/refugeepix/IMG_3787.JPG"" height=""500px"">"
photo161,,,,{{!!object}},[[photo]] ,photo#,"<img src=""http://people.sunyit.edu/~steve/images/refugeepix/IMG_3788.JPG"" height=""500px"">"
photo162,,,,{{!!object}},[[photo]] ,photo#,"<img src=""http://people.sunyit.edu/~steve/images/refugeepix/IMG_3819.JPG"" height=""500px"">"
photo163,,,,{{!!object}},[[photo]] ,photo#,"<img src=""http://people.sunyit.edu/~steve/images/refugeepix/IMG_3822.jpg"" height=""500px"">"
photo164,,,,{{!!object}},[[photo]] ,photo#,"<img src=""http://people.sunyit.edu/~steve/images/refugeepix/IMG_3841.jpg"" height=""500px"">"
photo165,,,,{{!!object}},[[photo]] ,photo#,"<img src=""http://people.sunyit.edu/~steve/images/refugeepix/IMG_3854.jpg"" height=""500px"">"
photo166,,,,{{!!object}},[[photo]] ,photo#,"<img src=""http://people.sunyit.edu/~steve/images/refugeepix/IMG_3855.jpg"" height=""500px"">"
photo167,,,,{{!!object}},[[photo]] ,photo#,"<img src=""http://people.sunyit.edu/~steve/images/refugeepix/IMG_3856.jpg"" height=""500px"">"
photo168,,,,{{!!object}},[[photo]] ,photo#,"<img src=""http://people.sunyit.edu/~steve/images/refugeepix/IMG_3858.jpg"" height=""500px"">"
photo169,,,,{{!!object}},[[photo]] ,photo#,"<img src=""http://people.sunyit.edu/~steve/images/refugeepix/IMG_4056.jpg"" height=""500px"">"
photo170,,,,{{!!object}},[[photo]] ,photo#,"<img src=""http://people.sunyit.edu/~steve/images/refugeepix/IMG_4057.jpg"" height=""500px"">"
photo171,,,,{{!!object}},[[photo]] ,photo#,"<img src=""http://people.sunyit.edu/~steve/images/refugeepix/IMG_4058.JPG"" height=""500px"">"
photo172,,,,{{!!object}},[[photo]] ,photo#,"<img src=""http://people.sunyit.edu/~steve/images/refugeepix/IMG_4059.JPG"" height=""500px"">"
photo173,,,,{{!!object}},[[photo]] ,photo#,"<img src=""http://people.sunyit.edu/~steve/images/refugeepix/IMG_4062.JPG"" height=""500px"">"
photo174,,,,{{!!object}},[[photo]] ,photo#,"<img src=""http://people.sunyit.edu/~steve/images/refugeepix/IMG_4065.JPG"" height=""500px"">"
photo175,,,,{{!!object}},[[photo]] ,photo#,"<img src=""http://people.sunyit.edu/~steve/images/refugeepix/IMG_4073.JPG"" height=""500px"">"
photo176,,,,{{!!object}},[[photo]] ,photo#,"<img src=""http://people.sunyit.edu/~steve/images/refugeepix/IMG_4085.jpg"" height=""500px"">"
photo177,,,,{{!!object}},[[photo]] ,photo#,"<img src=""http://people.sunyit.edu/~steve/images/refugeepix/IMG_4091.jpg"" height=""500px"">"
photo178,,,,{{!!object}},[[photo]] ,photo#,"<img src=""http://people.sunyit.edu/~steve/images/refugeepix/IMG_4092.jpg"" height=""500px"">"
photo179,,,,{{!!object}},[[photo]] ,photo#,"<img src=""http://people.sunyit.edu/~steve/images/refugeepix/IMG_4281.JPG"" height=""500px"">"
photo180,,,,{{!!object}},[[photo]] ,photo#,"<img src=""http://people.sunyit.edu/~steve/images/refugeepix/IMG_4295.jpg"" height=""500px"">"
photo181,,,,{{!!object}},[[photo]] ,photo#,"<img src=""http://people.sunyit.edu/~steve/images/refugeepix/IMG_4306.JPG"" height=""500px"">"
photo182,,,,{{!!object}},[[photo]] ,photo#,"<img src=""http://people.sunyit.edu/~steve/images/refugeepix/IMG_4307.JPG"" height=""500px"">"
photo183,,,,{{!!object}},[[photo]] ,photo#,"<img src=""http://people.sunyit.edu/~steve/images/refugeepix/IMG_4308.JPG"" height=""500px"">"
photo184,,,,{{!!object}},[[photo]] ,photo#,"<img src=""http://people.sunyit.edu/~steve/images/refugeepix/IMG_4310.jpg"" height=""500px"">"
photo185,,,,{{!!object}},[[photo]] ,photo#,"<img src=""http://people.sunyit.edu/~steve/images/refugeepix/IMG_4312.jpg"" height=""500px"">"
photo186,,,,{{!!object}},[[photo]] ,photo#,"<img src=""http://people.sunyit.edu/~steve/images/refugeepix/IMG_4336.jpg"" height=""500px"">"
photo187,,,,{{!!object}},[[photo]] ,photo#,"<img src=""http://people.sunyit.edu/~steve/images/refugeepix/IMG_4340.JPG"" height=""500px"">"
photo188,,,,{{!!object}},[[photo]] ,photo#,"<img src=""http://people.sunyit.edu/~steve/images/refugeepix/IMG_4351.JPG"" height=""500px"">"
photo189,,,,{{!!object}},[[photo]] ,photo#,"<img src=""http://people.sunyit.edu/~steve/images/refugeepix/IMG_4354.JPG"" height=""500px"">"
photo190,,,,{{!!object}},[[photo]] ,photo#,"<img src=""http://people.sunyit.edu/~steve/images/refugeepix/IMG_4356.JPG"" height=""500px"">"
photo191,,,,{{!!object}},[[photo]] ,photo#,"<img src=""http://people.sunyit.edu/~steve/images/refugeepix/IMG_4385-2.JPG"" height=""500px"">"
photo192,,,,{{!!object}},[[photo]] ,photo#,"<img src=""http://people.sunyit.edu/~steve/images/refugeepix/IMG_4399.JPG"" height=""500px"">"
photo193,,,,{{!!object}},[[photo]] ,photo#,"<img src=""http://people.sunyit.edu/~steve/images/refugeepix/IMG_4423.JPG"" height=""500px"">"
photo194,,,,{{!!object}},[[photo]] ,photo#,"<img src=""http://people.sunyit.edu/~steve/images/refugeepix/IMG_4426.JPG"" height=""500px"">"
photo195,,,,{{!!object}},[[photo]] ,photo#,"<img src=""http://people.sunyit.edu/~steve/images/refugeepix/IMG_4481.jpg"" height=""500px"">"
photo196,,,,{{!!object}},[[photo]] ,photo#,"<img src=""http://people.sunyit.edu/~steve/images/refugeepix/IMG_4484.jpg"" height=""500px"">"
photo197,,,,{{!!object}},[[photo]] ,photo#,"<img src=""http://people.sunyit.edu/~steve/images/refugeepix/IMG_4485.JPG"" height=""500px"">"
photo198,,,,{{!!object}},[[photo]] ,photo#,"<img src=""http://people.sunyit.edu/~steve/images/refugeepix/IMG_4497.jpg"" height=""500px"">"
photo199,,,,{{!!object}},[[photo]] ,photo#,"<img src=""http://people.sunyit.edu/~steve/images/refugeepix/IMG_4502.JPG"" height=""500px"">"
photo200,,,,{{!!object}},[[photo]] ,photo#,"<img src=""http://people.sunyit.edu/~steve/images/refugeepix/IMG_4510.jpg"" height=""500px"">"
photo201,,,,{{!!object}},[[photo]] ,photo#,"<img src=""http://people.sunyit.edu/~steve/images/refugeepix/IMG_4521.jpg"" height=""500px"">"
photo202,,,,{{!!object}},[[photo]] ,photo#,"<img src=""http://people.sunyit.edu/~steve/images/refugeepix/IMG_6260.jpg"" height=""500px"">"
photo203,,,,{{!!object}},[[photo]] ,photo#,"<img src=""http://people.sunyit.edu/~steve/images/refugeepix/IMG_6262.jpg"" height=""500px"">"
photo204,,,,{{!!object}},[[photo]] ,photo#,"<img src=""http://people.sunyit.edu/~steve/images/refugeepix/IMG_6269.jpg"" height=""500px"">"
photo205,,,,{{!!object}},[[photo]] ,photo#,"<img src=""http://people.sunyit.edu/~steve/images/refugeepix/IMG_6279.jpg"" height=""500px"">"
photo206,,,,{{!!object}},[[photo]] ,photo#,"<img src=""http://people.sunyit.edu/~steve/images/refugeepix/IMG_6301.jpg"" height=""500px"">"
photo207,,,,{{!!object}},[[photo]] ,photo#,"<img src=""http://people.sunyit.edu/~steve/images/refugeepix/IMG_6326.jpg"" height=""500px"">"
photo208,,,,{{!!object}},[[photo]] ,photo#,"<img src=""http://people.sunyit.edu/~steve/images/refugeepix/IMG_6367.jpg"" height=""500px"">"
photo209,,,,{{!!object}},[[photo]] ,photo#,"<img src=""http://people.sunyit.edu/~steve/images/refugeepix/IMG_6368.jpg"" height=""500px"">"
photo210,,,,{{!!object}},[[photo]] ,photo#,"<img src=""http://people.sunyit.edu/~steve/images/refugeepix/IMG_6383.jpg"" height=""500px"">"
photo211,,,,{{!!object}},[[photo]] ,photo#,"<img src=""http://people.sunyit.edu/~steve/images/refugeepix/IMG_6388.jpg"" height=""500px"">"
photo212,,,,{{!!object}},[[photo]] ,photo#,"<img src=""http://people.sunyit.edu/~steve/images/refugeepix/IMG_6393.jpg"" height=""500px"">"
photo213,,,,{{!!object}},[[photo]] ,photo#,"<img src=""http://people.sunyit.edu/~steve/images/refugeepix/IMG_6402.jpg"" height=""500px"">"
photo214,,,,{{!!object}},[[photo]] ,photo#,"<img src=""http://people.sunyit.edu/~steve/images/refugeepix/IMG_6407.jpg"" height=""500px"">"
photo215,,,,{{!!object}},[[photo]] ,photo#,"<img src=""http://people.sunyit.edu/~steve/images/refugeepix/IMG_6412.jpg"" height=""500px"">"
photo216,,,,{{!!object}},[[photo]] ,photo#,"<img src=""http://people.sunyit.edu/~steve/images/refugeepix/IMG_6425.jpg"" height=""500px"">"
photo217,,,,{{!!object}},[[photo]] ,photo#,"<img src=""http://people.sunyit.edu/~steve/images/refugeepix/IMG_6431.jpg"" height=""500px"">"
photo218,,,,{{!!object}},[[photo]] ,photo#,"<img src=""http://people.sunyit.edu/~steve/images/refugeepix/IMG_6439.jpg"" height=""500px"">"
photo219,,,,{{!!object}},[[photo]] ,photo#,"<img src=""http://people.sunyit.edu/~steve/images/refugeepix/IMG_6457.jpg"" height=""500px"">"
photo220,,,,{{!!object}},[[photo]] ,photo#,"<img src=""http://people.sunyit.edu/~steve/images/refugeepix/IMG_6468.jpg"" height=""500px"">"
photo221,,,,{{!!object}},[[photo]] ,photo#,"<img src=""http://people.sunyit.edu/~steve/images/refugeepix/IMG_6487.jpg"" height=""500px"">"
photo222,,,,{{!!object}},[[photo]] ,photo#,"<img src=""http://people.sunyit.edu/~steve/images/refugeepix/IMG_6493.jpg"" height=""500px"">"
photo223,,,,{{!!object}},[[photo]] ,photo#,"<img src=""http://people.sunyit.edu/~steve/images/refugeepix/IMG_6515.jpg"" height=""500px"">"
photo224,,,,{{!!object}},[[photo]] ,photo#,"<img src=""http://people.sunyit.edu/~steve/images/refugeepix/IMG_6530.jpg"" height=""500px"">"
photo225,,,,{{!!object}},[[photo]] ,photo#,"<img src=""http://people.sunyit.edu/~steve/images/refugeepix/IMG_6551.jpg"" height=""500px"">"
photo226,,,,{{!!object}},[[photo]] ,photo#,"<img src=""http://people.sunyit.edu/~steve/images/refugeepix/IMG_6563.jpg"" height=""500px"">"
photo227,,,,{{!!object}},[[photo]] ,photo#,"<img src=""http://people.sunyit.edu/~steve/images/refugeepix/IMG_6571.jpg"" height=""500px"">"
photo228,,,,{{!!object}},[[photo]] ,photo#,"<img src=""http://people.sunyit.edu/~steve/images/refugeepix/IMG_6577.jpg"" height=""500px"">"
photo229,,,,{{!!object}},[[photo]] ,photo#,"<img src=""http://people.sunyit.edu/~steve/images/refugeepix/IMG_6590.jpg"" height=""500px"">"
photo230,,,,{{!!object}},[[photo]] ,photo#,"<img src=""http://people.sunyit.edu/~steve/images/refugeepix/IMG_6613.jpg"" height=""500px"">"
photo231,,,,{{!!object}},[[photo]] ,photo#,"<img src=""http://people.sunyit.edu/~steve/images/refugeepix/IMG_6631.jpg"" height=""500px"">"
photo232,,,,{{!!object}},[[photo]] ,photo#,"<img src=""http://people.sunyit.edu/~steve/images/refugeepix/IMG_6688.jpg"" height=""500px"">"
photo233,,,,{{!!object}},[[photo]] ,photo#,"<img src=""http://people.sunyit.edu/~steve/images/refugeepix/IMG_6767.jpg"" height=""500px"">"
photo234,,,,{{!!object}},[[photo]] ,photo#,"<img src=""http://people.sunyit.edu/~steve/images/refugeepix/IMG_6827.jpg"" height=""500px"">"
photo235,,,,{{!!object}},[[photo]] ,photo#,"<img src=""http://people.sunyit.edu/~steve/images/refugeepix/IMG_6848.jpg"" height=""500px"">"
photo236,,,,{{!!object}},[[photo]] ,photo#,"<img src=""http://people.sunyit.edu/~steve/images/refugeepix/IMG_6869.jpg"" height=""500px"">"
photo237,,,,{{!!object}},[[photo]] ,photo#,"<img src=""http://people.sunyit.edu/~steve/images/refugeepix/IMG_6901.jpg"" height=""500px"">"
photo238,,,,{{!!object}},[[photo]] ,photo#,"<img src=""http://people.sunyit.edu/~steve/images/refugeepix/IMG_6902.jpg"" height=""500px"">"
photo239,,,,{{!!object}},[[photo]] ,photo#,"<img src=""http://people.sunyit.edu/~steve/images/refugeepix/IMG_6908.jpg"" height=""500px"">"
photo240,,,,{{!!object}},[[photo]] ,photo#,"<img src=""http://people.sunyit.edu/~steve/images/refugeepix/IMG_6951.jpg"" height=""500px"">"
photo241,,,,{{!!object}},[[photo]] ,photo#,"<img src=""http://people.sunyit.edu/~steve/images/refugeepix/IMG_6972.jpg"" height=""500px"">"
photo242,,,,{{!!object}},[[photo]] ,photo#,"<img src=""http://people.sunyit.edu/~steve/images/refugeepix/IMG_6994.jpg"" height=""500px"">"
photo243,,,,{{!!object}},[[photo]] ,photo#,"<img src=""http://people.sunyit.edu/~steve/images/refugeepix/IMG_6996.jpg"" height=""500px"">"
photo244,,,,{{!!object}},[[photo]] ,photo#,"<img src=""http://people.sunyit.edu/~steve/images/refugeepix/IMG_7001.jpg"" height=""500px"">"
photo245,,,,{{!!object}},[[photo]] ,photo#,"<img src=""http://people.sunyit.edu/~steve/images/refugeepix/IMG_7018.jpg"" height=""500px"">"
photo246,,,,{{!!object}},[[photo]] ,photo#,"<img src=""http://people.sunyit.edu/~steve/images/refugeepix/IMG_7033.jpg"" height=""500px"">"
photo247,,,,{{!!object}},[[photo]] ,photo#,"<img src=""http://people.sunyit.edu/~steve/images/refugeepix/IMG_7052.jpg"" height=""500px"">"
photo248,,,,{{!!object}},[[photo]] ,photo#,"<img src=""http://people.sunyit.edu/~steve/images/refugeepix/IMG_7117.jpg"" height=""500px"">"
photo249,,,,{{!!object}},[[photo]] ,photo#,"<img src=""http://people.sunyit.edu/~steve/images/refugeepix/IMG_7125.jpg"" height=""500px"">"
photo250,,,,{{!!object}},[[photo]] ,photo#,"<img src=""http://people.sunyit.edu/~steve/images/refugeepix/IMG_7148.jpg"" height=""500px"">"
photo251,,,,{{!!object}},[[photo]] ,photo#,"<img src=""http://people.sunyit.edu/~steve/images/refugeepix/IMG_7156.jpg"" height=""500px"">"
photo252,,,,{{!!object}},[[photo]] ,photo#,"<img src=""http://people.sunyit.edu/~steve/images/refugeepix/IMG_7158.jpg"" height=""500px"">"
photo253,,,,{{!!object}},[[photo]] ,photo#,"<img src=""http://people.sunyit.edu/~steve/images/refugeepix/IMG_7163.jpg"" height=""500px"">"
photo254,,,,{{!!object}},[[photo]] ,photo#,"<img src=""http://people.sunyit.edu/~steve/images/refugeepix/IMG_7165.jpg"" height=""500px"">"
photo255,,,,{{!!object}},[[photo]] ,photo#,"<img src=""http://people.sunyit.edu/~steve/images/refugeepix/IMG_7174.jpg"" height=""500px"">"
photo256,,,,{{!!object}},[[photo]] ,photo#,"<img src=""http://people.sunyit.edu/~steve/images/refugeepix/IMG_7176.jpg"" height=""500px"">"
photo257,,,,{{!!object}},[[photo]] ,photo#,"<img src=""http://people.sunyit.edu/~steve/images/refugeepix/IMG_7184.jpg"" height=""500px"">"
photo258,,,,{{!!object}},[[photo]] ,photo#,"<img src=""http://people.sunyit.edu/~steve/images/refugeepix/IMG_7192.jpg"" height=""500px"">"
photo259,,,,{{!!object}},[[photo]] ,photo#,"<img src=""http://people.sunyit.edu/~steve/images/refugeepix/IMG_7219.jpg"" height=""500px"">"
photo260,,,,{{!!object}},[[photo]] ,photo#,"<img src=""http://people.sunyit.edu/~steve/images/refugeepix/IMG_7234.jpg"" height=""500px"">"
photo261,,,,{{!!object}},[[photo]] ,photo#,"<img src=""http://people.sunyit.edu/~steve/images/refugeepix/IMG_7266.jpg"" height=""500px"">"
photo262,,,,{{!!object}},[[photo]] ,photo#,"<img src=""http://people.sunyit.edu/~steve/images/refugeepix/MVI_0009tox.jpg"" height=""500px"">"
photo263,,,,{{!!object}},[[photo]] ,photo#,"<img src=""http://people.sunyit.edu/~steve/images/refugeepix/MVI_0014dr.jpg"" height=""500px"">"
photo264,,,,{{!!object}},[[photo]] ,photo#,"<img src=""http://people.sunyit.edu/~steve/images/refugeepix/MVI_0017.jpg"" height=""500px"">"
photo265,,,,{{!!object}},[[photo]] ,photo#,"<img src=""http://people.sunyit.edu/~steve/images/refugeepix/Refugee Candid 1.jpg"" height=""500px"">"
photo266,,,,{{!!object}},[[photo]] ,photo#,"<img src=""http://people.sunyit.edu/~steve/images/refugeepix/Tek red.png"" height=""500px"">"
photo267,,,,{{!!object}},[[photo]] ,photo#,"<img src=""http://people.sunyit.edu/~steve/images/refugeepix/don dance vid.tiff"" height=""500px"">"
photo268,,,,{{!!object}},[[photo]] ,photo#,"<img src=""http://people.sunyit.edu/~steve/images/refugeepix/flist"" height=""500px"">"
photo269,,,,{{!!object}},[[photo]] ,photo#,"<img src=""http://people.sunyit.edu/~steve/images/refugeepix/himalaya.tiff"" height=""500px"">"
photo270,,,,{{!!object}},[[photo]] ,photo#,"<img src=""http://people.sunyit.edu/~steve/images/refugeepix/lanetta grad.tiff"" height=""500px"">"
photo271,,,,{{!!object}},[[photo]] ,photo#,"<img src=""http://people.sunyit.edu/~steve/images/refugeepix/soccer.tiff"" height=""500px"">"
photo272,,,,{{!!object}},[[photo]] ,photo#,"<img src=""http://people.sunyit.edu/~steve/images/refugeepix/startingover.tiff"" height=""500px"">"
photo273,,,,{{!!object}},[[photo]] ,photo#,"<img src=""http://people.sunyit.edu/~steve/images/refugeepix/swati.tiff"" height=""500px"">"
photo274,,,,{{!!object}},[[photo]] ,photo#,"<img src=""http://people.sunyit.edu/~steve/images/refugeepix/toxik!.tiff"" height=""500px"">"
photo275,,,,{{!!object}},[[photo]] ,photo#,"<img src=""http://people.sunyit.edu/~steve/images/refugeepix/toxik.tiff"" height=""500px"">"
photo276,,,,{{!!object}},[[photo]] ,photo#,"<img src=""http://people.sunyit.edu/~steve/images/refugeepix/toxik1.tiff"" height=""500px"">"
photo277,,,,{{!!object}},[[photo]] ,photo#,"<img src=""http://people.sunyit.edu/~steve/images/refugeepix/yo.tiff"" height=""500px"">"
photo278,,,,{{!!object}},[[photo]] ,photo#,"<img src=""http://people.sunyit.edu/~steve/images/refugeepix/youtube.tiff"" height=""500px"">"